summoner,win
BuddhaGoesSmite#EUW,0.4975609756097561
WT GigaChad#1070,0.49193548387096775
Billy Bongo#EUW,0.4911504424778761
WT Final Stand#EUW,0.4789915966386555
Tibbtokontop#EUW,0.458128078817734
